<?xml version="1.0" encoding="UTF-8"?>
<project-private xmlns="http://www.netbeans.org/ns/project-private/1">
    <data xmlns="http://www.netbeans.org/ns/make-project-private/1">
        <activeConfTypeElem>1</activeConfTypeElem>
        <activeConfIndexElem>0</activeConfIndexElem>
    </data>
    <editor-bookmarks xmlns="http://www.netbeans.org/ns/editor-bookmarks/2" lastBookmarkId="0"/>
    <open-files xmlns="http://www.netbeans.org/ns/projectui-open-files/2">
        <group>
            <file>file:/C:/Users/Alex/Documents/NetBeansProjects/CSC%2017C%20Project%201/main.cpp</file>
            <file>file:/C:/Users/Alex/Documents/NetBeansProjects/CSC%2017C%20Project%201/BlackjackGame.h</file>
            <file>file:/C:/Users/Alex/Documents/NetBeansProjects/CSC%2017C%20Project%201/Deck.cpp</file>
            <file>file:/C:/Users/Alex/Documents/NetBeansProjects/CSC%2017C%20Project%201/Presentation.cpp</file>
            <file>file:/C:/Users/Alex/Documents/NetBeansProjects/CSC%2017C%20Project%201/Card.cpp</file>
        </group>
    </open-files>
</project-private>
